Location,Language,Post,Name,Skills,Disability_Inclusive,Perks
Mumbai,English,Software Developer,TechSolutions Ltd,"Java,Python,HTML,CSS,JavaScript",Musculoskeletal,"Extended deadlines,Supportive colleagues"
Delhi,Hindi,Marketing Coordinator,MediaCrafters Pvt Ltd,"Social Media Management,Content Creation,Marketing Strategy",Sensory,"Visual aids, Screen readers,Mentoring"
Bangalore,English,Customer Support Representative,SupportPros India,"Communication Skills,Problem Solving,Customer Service",Non-visible,"Accessible parking,Flexible schedule,Supportive colleagues"
Chennai,English,Data Scientist,DataInsights Solutions,"Machine Learning,Python,R,Data Analysis",Developmental,"Sign language interpreters,Braille displays,Supportive colleagues"
Hyderabad,English,Graphic Designer,DesignHub Creations,"Adobe Creative Suite,Typography,Visual Design",Sensory,"Vision aids,Mentoring,Supportive colleagues"
Kolkata,Hindi,Sales Executive,SalesConnect Solutions,"Business Development,Client Relationship,Communication",Non-visible,"Accessible parking,Flexible schedule,Supportive colleagues"
Pune,English,HR Generalist,HRGenius Services,"Employee Relations,Recruitment,HR Policies",Musculoskeletal,"Accessible parking,Flexible schedule,Mentoring"
Ahmedabad,English,Finance Analyst,FinanceExcel Advisors,"Financial Modeling,Excel,Accounting",Sensory,"Hearing aids, Real-time captioning,Supportive colleagues"
Jaipur,Hindi,Network Administrator,NetworkPros India,"Networking,Security,Troubleshooting",Developmental,"Sign language interpreters,Accessible parking,Flexible schedule,Supportive colleagues"
Lucknow,English,Content Writer,ContentCrafters Media,"Creative Writing,Blogging,SEO",Non-visible,"Extended deadlines,Supportive colleagues"
Hyderabad,English,Web Developer,CodeCrafters Solutions,"HTML,CSS,JavaScript,React",Sensory,"Vision aids,Screen readers,Supportive colleagues"
Kolkata,Hindi,Data Entry Operator,DataEntryNow Services,"Data Entry,Typing Skills,Attention to Detail",Non-visible,"Accessible parking,Flexible schedule,Supportive colleagues"
Bangalore,English,Marketing Manager,MarketBoost Solutions,"Marketing Strategy,Social Media Management,Data Analysis",Developmental,"Sign language interpreters,Braille displays,Mentoring"
Delhi,Hindi,IT Support Specialist,SwiftTech Support,"Troubleshooting,Hardware Maintenance,Software Installation",Musculoskeletal,"Accessible parking,Flexible schedule,Supportive colleagues"
Mumbai,English,Graphic Illustrator,DesignCraft Creations,"Adobe Creative Suite,Typography,Logo Design",Sensory,"Vision aids,Mentoring,Supportive colleagues"
Chennai,Hindi,Cashier,QuickCash Retail,"Point of Sale (POS) System,Basic Math Skills,Attention to Detail",Musculoskeletal,"Accessible parking,Flexible schedule,Supportive colleagues"
Pune,English,Delivery Driver,SwiftDeliveries Logistics,"Driving License,Route Planning,Time Management",Non-visible,"Accessible parking,Flexible schedule,Supportive colleagues"
Ahmedabad,English,Content Writer,ContentMinds Media,"Creative Writing,Blogging,SEO",Developmental,"Sign language interpreters,Braille displays,Mentoring"
Jaipur,Hindi,Network Administrator,SecureNet Solutions,"Networking,Security,Troubleshooting",Sensory,"Vision aids,Mentoring,Supportive colleagues"
Lucknow,English,Sales Executive,SalesPro Connect,"Business Development,Client Relationship,Communication",Musculoskeletal,"Accessible parking,Flexible schedule,Supportive colleagues"
Mumbai,English,Software Tester,QualityAssure Solutions,"Manual Testing,Automated Testing,Defect Tracking",Non-visible,"Accessible parking,Flexible schedule,Supportive colleagues"
Delhi,Hindi,Personal Trainer,FitLife Fitness,"Fitness Training,Nutrition Counseling,Goal Setting",Musculoskeletal,"Accessible parking,Flexible schedule,Supportive colleagues"
Bangalore,English,Translator,GlobalConnect Language Services,"Language Translation,Interpretation",Sensory (Hearing),"Sign language interpreters,Real-time captioning,Mentoring"
Chennai,Hindi,Interior Designer,SpaceDesign Interiors,"Space Planning,Color Theory,Furniture Selection",Developmental,"Braille displays,Supportive colleagues,Mentoring"
Hyderabad,English,Software Developer,ByteCraft Solutions,"Java,Python,C++,SQL",Musculoskeletal,"Accessible parking,Flexible schedule,Supportive colleagues"
Kolkata,Hindi,Data Scientist,DataInsights Analytics,"Machine Learning,Python,R,Data Analysis",Sensory,"Vision aids,Screen readers,Supportive colleagues"
Pune,English,Graphic Designer,DesignHub Creations,"Adobe Creative Suite,Typography,Visual Design",Non-visible,"Accessible parking,Flexible schedule,Supportive colleagues"
Delhi,Hindi,HR Generalist,HRConnect Solutions,"Employee Relations,Recruitment,HR Policies",Musculoskeletal,"Accessible parking,Flexible schedule,Supportive colleagues"
Mumbai,English,Finance Analyst,FinanceExcel Advisors,"Financial Modeling,Excel,Accounting",Sensory,"Hearing aids,Real-time captioning,Supportive colleagues"
Chennai,Hindi,Network Administrator,NetConnect Solutions,"Networking,Security,Troubleshooting",Developmental,"Sign language interpreters,Braille displays,Mentoring"
Bangalore,English,Content Writer,WordCraft Media,"Creative Writing,Blogging,SEO",Sensory,"Vision aids,Mentoring,Supportive colleagues"
Jaipur,Hindi,Sales Executive,SalesHub Connect,"Business Development,Client Relationship,Communication",Non-visible,"Accessible parking,Flexible schedule,Supportive colleagues"
Lucknow,English,Web Developer,WebWizards Solutions,"HTML,CSS,JavaScript,React",Musculoskeletal,"Accessible parking,Flexible schedule,Supportive colleagues"
Hyderabad,Hindi,Data Entry Operator,DataSwift Services,"Data Entry,Typing Skills,Attention to Detail",Sensory,"Hearing aids,Real-time captioning,Supportive colleagues"
Mumbai,English,Marketing Manager,MarketBoost Solutions,"Marketing Strategy,Social Media Management,Data Analysis",Developmental,"Braille displays,Supportive colleagues,Mentoring"
Delhi,Hindi,IT Support Specialist,TechSupport Now,"Troubleshooting,Hardware Maintenance,Software Installation",Sensory,"Vision aids,Screen readers,Supportive colleagues"
Chennai,English,Graphic Illustrator,DesignCraft Creations,"Adobe Creative Suite,Typography,Logo Design",Musculoskeletal,"Accessible parking,Flexible schedule,Supportive colleagues"
Bangalore,Hindi,Cashier,QuickCash Retail,"Point of Sale (POS) System,Basic Math Skills,Attention to Detail",Non-visible,"Accessible parking,Flexible schedule,Supportive colleagues"
Pune,English,Delivery Driver,SwiftDeliveries Logistics,"Driving License,Route Planning,Time Management",Sensory,"Hearing aids,Real-time captioning,Supportive colleagues"
Ahmedabad,Hindi,Content Writer,ContentMinds Media,"Creative Writing,Blogging,SEO",Developmental,"Braille displays,Supportive colleagues,Mentoring"
Jaipur,English,Network Administrator,SecureNet Solutions,"Networking,Security,Troubleshooting",Sensory,"Vision aids,Screen readers,Supportive colleagues"
Lucknow,Hindi,Sales Executive,SalesPro Connect,"Business Development,Client Relationship,Communication",Musculoskeletal,"Accessible parking,Flexible schedule,Supportive colleagues"
Mumbai,English,Software Tester,QualityAssure Solutions,"Manual Testing,Automated Testing,Defect Tracking",Non-visible,"Accessible parking,Flexible schedule,Supportive colleagues"
Delhi,Hindi,Personal Trainer,FitLife Fitness,"Fitness Training,Nutrition Counseling,Goal Setting",Sensory,"Hearing aids,Real-time captioning,Supportive colleagues"
Bangalore,English,Translator,GlobalConnect Language Services,"Language Translation,Interpretation",Developmental,"Braille displays,Supportive colleagues,Mentoring"
Chennai,Hindi,Interior Designer,SpaceDesign Interiors,"Space Planning,Color Theory,Furniture Selection",Musculoskeletal,"Accessible parking,Flexible schedule,Supportive colleagues"
Hyderabad,English,Software Developer,ByteCraft Solutions,"Java,Python,C++,SQL",Sensory,"Vision aids,Screen readers,Supportive colleagues"
Kolkata,Hindi,Data Scientist,DataInsights Analytics,"Machine Learning,Python,R,Data Analysis",Developmental,"Sign language interpreters,Braille displays,Mentoring"
Pune,English,Graphic Designer,DesignHub Creations,"Adobe Creative Suite,Typography,Visual Design",Non-visible,"Accessible parking,Flexible schedule,Supportive colleagues"
Delhi,Hindi,HR Generalist,HRConnect Solutions,"Employee Relations,Recruitment,HR Policies",Musculoskeletal,"Accessible parking,Flexible schedule,Supportive colleagues"
Mumbai,English,Finance Analyst,FinanceExcel Advisors,"Financial Modeling,Excel,Accounting",Sensory,"Hearing aids,Real-time captioning,Supportive colleagues"
Chennai,Hindi,Network Administrator,NetConnect Solutions,"Networking,Security,Troubleshooting",Developmental,"Sign language interpreters,Braille displays,Mentoring"
Bangalore,English,Content Writer,WordCraft Media,"Creative Writing,Blogging,SEO",Sensory,"Vision aids,Mentoring,Supportive colleagues"
Jaipur,Hindi,Sales Executive,SalesHub Connect,"Business Development,Client Relationship,Communication",Non-visible,"Accessible parking,Flexible schedule,Supportive colleagues"
Lucknow,English,Web Developer,WebWizards Solutions,"HTML,CSS,JavaScript,React",Musculoskeletal,"Accessible parking,Flexible schedule,Supportive colleagues"
Hyderabad,Hindi,Data Entry Operator,DataSwift Services,"Data Entry,Typing Skills,Attention to Detail",Sensory,"Hearing aids,Real-time captioning,Supportive colleagues"
Mumbai,English,Marketing Manager,MarketBoost Solutions,"Marketing Strategy,Social Media Management,Data Analysis",Developmental,"Braille displays,Supportive colleagues,Mentoring"
Delhi,Hindi,IT Support Specialist,TechSupport Now,"Troubleshooting,Hardware Maintenance,Software Installation",Sensory,"Vision aids,Screen readers,Supportive colleagues"
Chennai,English,Graphic Illustrator,DesignCraft Creations,"Adobe Creative Suite,Typography,Logo Design",Musculoskeletal,"Accessible parking,Flexible schedule,Supportive colleagues"
Bangalore,Hindi,Cashier,QuickCash Retail,"Point of Sale (POS) System,Basic Math Skills,Attention to Detail",Non-visible,"Accessible parking,Flexible schedule,Supportive colleagues"
Pune,English,Delivery Driver,SwiftDeliveries Logistics,"Driving License,Route Planning,Time Management",Sensory,"Hearing aids,Real-time captioning,Supportive colleagues"
Ahmedabad,Hindi,Content Writer,ContentMinds Media,"Creative Writing,Blogging,SEO",Developmental,"Braille displays,Supportive colleagues,Mentoring"
Jaipur,English,Network Administrator,SecureNet Solutions,"Networking,Security,Troubleshooting",Sensory,"Vision aids,Screen readers,Supportive colleagues"
Lucknow,Hindi,Sales Executive,SalesPro Connect,"Business Development,Client Relationship,Communication",Musculoskeletal,"Accessible parking,Flexible schedule,Supportive colleagues"
Mumbai,English,Software Tester,QualityAssure Solutions,"Manual Testing,Automated Testing,Defect Tracking",Non-visible,"Accessible parking,Flexible schedule,Supportive colleagues"
Delhi,Hindi,Personal Trainer,FitLife Fitness,"Fitness Training,Nutrition Counseling,Goal Setting",Sensory,"Hearing aids,Real-time captioning,Supportive colleagues"
Bangalore,English,Translator,GlobalConnect Language Services,"Language Translation,Interpretation",Developmental,"Braille displays,Supportive colleagues,Mentoring"
Chennai,Hindi,Interior Designer,SpaceDesign Interiors,"Space Planning,Color Theory,Furniture Selection",Musculoskeletal,"Accessible parking,Flexible schedule,Supportive colleagues"
Hyderabad,English,Junior Web Developer,CodeCrafters Solutions,"HTML,CSS,JavaScript",Musculoskeletal,"Flexible schedule,Supportive colleagues"
Kolkata,Hindi,Data Entry Clerk,DataEntryNow Services,"Data Entry,Typing Skills",Non-visible,"Accessible parking,Flexible schedule,Supportive colleagues"
Bangalore,English,Marketing Assistant,MarketBoost Solutions,"Social Media Management,Content Creation",Developmental,"Braille displays,Supportive colleagues,Mentoring"
Delhi,Hindi,IT Support Technician,SwiftTech Support,"Troubleshooting,Software Installation",Sensory,"Hearing aids,Supportive colleagues"
Mumbai,English,Junior Graphic Designer,DesignCraft Creations,"Adobe Creative Suite,Typography",Sensory,"Vision aids,Supportive colleagues"
Chennai,Hindi,Store Clerk,QuickCash Retail,"Point of Sale (POS) System,Basic Math Skills",Non-visible,"Accessible parking,Flexible schedule,Supportive colleagues"
Pune,English,Delivery Assistant,SwiftDeliveries Logistics,"Route Planning,Time Management",Sensory,"Hearing aids,Supportive colleagues"
Ahmedabad,Hindi,Content Writer Assistant,ContentMinds Media,"Blogging,SEO",Developmental,"Braille displays,Supportive colleagues,Mentoring"
Jaipur,English,Junior Network Administrator,SecureNet Solutions,"Networking,Troubleshooting",Sensory,"Vision aids,Supportive colleagues"
Lucknow,Hindi,Sales Associate,SalesPro Connect,"Client Relationship,Communication",Musculoskeletal,"Flexible schedule,Supportive colleagues"
Mumbai,English,Software Tester Trainee,QualityAssure Solutions,"Manual Testing,Defect Tracking",Non-visible,"Accessible parking,Flexible schedule,Supportive colleagues"
Delhi,Hindi,Fitness Instructor Assistant,FitLife Fitness,"Nutrition Counseling,Goal Setting",Sensory,"Hearing aids,Supportive colleagues"
Bangalore,English,Language Interpreter Trainee,GlobalConnect Language Services,"Language Translation,Interpretation",Developmental,"Braille displays,Supportive colleagues,Mentoring"
Chennai,Hindi,Interior Design Assistant,SpaceDesign Interiors,"Color Theory,Furniture Selection",Musculoskeletal,"Flexible schedule,Supportive colleagues"
Hyderabad,English,Junior Software Developer,ByteCraft Solutions,"Java,Python,C++",Sensory,"Vision aids,Supportive colleagues"
Kolkata,Hindi,Data Entry Assistant,DataSwift Services,"Data Entry,Typing Skills",Sensory,"Hearing aids,Supportive colleagues"
Pune,English,Marketing Intern,MarketBoost Solutions,"Social Media Management,Content Creation",Developmental,"Braille displays,Supportive colleagues,Mentoring"
Delhi,Hindi,IT Support Intern,TechSupport Now,"Troubleshooting,Software Installation",Sensory,"Vision aids,Supportive colleagues"
Chennai,English,Graphic Design Intern,DesignCraft Creations,"Adobe Creative Suite,Typography",Musculoskeletal,"Flexible schedule,Supportive colleagues"
Bangalore,Hindi,Store Assistant,QuickCash Retail,"Point of Sale (POS) System,Basic Math Skills",Non-visible,"Accessible parking,Flexible schedule,Supportive colleagues"
Mumbai,English,Delivery Driver Assistant,SwiftDeliveries Logistics,"Route Planning,Time Management",Sensory,"Hearing aids,Supportive colleagues"
Ahmedabad,Hindi,Content Writer Intern,ContentMinds Media,"Blogging,SEO",Developmental,"Braille displays,Supportive colleagues,Mentoring"
Jaipur,English,Junior Network Technician,SecureNet Solutions,"Networking,Troubleshooting",Sensory,"Vision aids,Supportive colleagues"
Lucknow,Hindi,Sales Assistant Trainee,SalesPro Connect,"Client Relationship,Communication",Musculoskeletal,"Flexible schedule,Supportive colleagues"
Mumbai,English,Software Tester Assistant,QualityAssure Solutions,"Manual Testing,Defect Tracking",Non-visible,"Accessible parking,Flexible schedule,Supportive colleagues"
Delhi,Hindi,Junior Fitness Instructor,FitLife Fitness,"Nutrition Counseling,Goal Setting",Sensory,"Hearing aids,Supportive colleagues"
Bangalore,English,Language Interpreter Assistant,GlobalConnect Language Services,"Language Translation,Interpretation",Developmental,"Braille displays,Supportive colleagues,Mentoring"
Chennai,Hindi,Junior Interior Designer,SpaceDesign Interiors,"Color Theory,Furniture Selection",Musculoskeletal,"Flexible schedule,Supportive colleagues"
Hyderabad,English,Junior Software Engineer,ByteCraft Solutions,"Java,Python,C++",Sensory,"Vision aids,Supportive colleagues"
Kolkata,Hindi,Data Entry Trainee,DataSwift Services,"Data Entry,Typing Skills",Sensory,"Hearing aids,Supportive colleagues"
Pune,English,Marketing Trainee,MarketBoost Solutions,"Social Media Management,Content Creation",Developmental,"Braille displays,Supportive colleagues,Mentoring"
Delhi,Hindi,IT Support Trainee,TechSupport Now,"Troubleshooting,Software Installation",Sensory,"Vision aids,Supportive colleagues"
Chennai,English,Graphic Design Trainee,DesignCraft Creations,"Adobe Creative Suite,Typography",Musculoskeletal,"Flexible schedule,Supportive colleagues"
Bangalore,Hindi,Store Trainee,QuickCash Retail,"Point of Sale (POS) System,Basic Math Skills",Non-visible,"Accessible parking,Flexible schedule,Supportive colleagues"
Mumbai,English,Delivery Assistant Trainee,SwiftDeliveries Logistics,"Route Planning,Time Management",Sensory,"Hearing aids,Supportive colleagues"
Ahmedabad,Hindi,Content Writer Trainee,ContentMinds Media,"Blogging,SEO",Developmental,"Braille displays,Supportive colleagues,Mentoring"
Jaipur,English,Junior Network Administrator,SecureNet Solutions,"Networking,Troubleshooting",Sensory,"Vision aids,Supportive colleagues"
Lucknow,Hindi,Sales Associate Trainee,SalesPro Connect,"Client Relationship,Communication",Musculoskeletal,"Flexible schedule,Supportive colleagues"
Mumbai,English,Software Tester Trainee,QualityAssure Solutions,"Manual Testing,Defect Tracking",Non-visible,"Accessible parking,Flexible schedule,Supportive colleagues"
Delhi,Hindi,Fitness Instructor Assistant,FitLife Fitness,"Nutrition Counseling,Goal Setting",Sensory,"Hearing aids,Supportive colleagues"
Bangalore,English,Language Interpreter Trainee,GlobalConnect Language Services,"Language Translation,Interpretation",Developmental,"Braille displays,Supportive colleagues,Mentoring"
Chennai,Hindi,Interior Design Assistant,SpaceDesign Interiors,"Color Theory,Furniture Selection",Musculoskeletal,"Flexible schedule,Supportive colleagues"
Hyderabad,English,Junior Software Developer,ByteCraft Solutions,"Java,Python,C++",Sensory,"Vision aids,Supportive colleagues"
Kolkata,Hindi,Data Entry Assistant,DataSwift Services,"Data Entry,Typing Skills",Sensory,"Hearing aids,Supportive colleagues"
Pune,English,Marketing Intern,MarketBoost Solutions,"Social Media Management,Content Creation",Developmental,"Braille displays,Supportive colleagues,Mentoring"
Delhi,Hindi,IT Support Intern,TechSupport Now,"Troubleshooting,Software Installation",Sensory,"Vision aids,Supportive colleagues"
Chennai,English,Graphic Design Intern,DesignCraft Creations,"Adobe Creative Suite,Typography",Musculoskeletal,"Flexible schedule,Supportive colleagues"
Bangalore,Hindi,Store Assistant,QuickCash Retail,"Point of Sale (POS) System,Basic Math Skills",Non-visible,"Accessible parking,Flexible schedule,Supportive colleagues"
Mumbai,English,Delivery Driver Assistant,SwiftDeliveries Logistics,"Route Planning,Time Management",Sensory,"Hearing aids,Supportive colleagues"
Ahmedabad,Hindi,Content Writer Intern,ContentMinds Media,"Blogging,SEO",Developmental,"Braille displays,Supportive colleagues,Mentoring"
Jaipur,English,Junior Network Technician,SecureNet Solutions,"Networking,Troubleshooting",Sensory,"Vision aids,Supportive colleagues"
Lucknow,Hindi,Sales Assistant Trainee,SalesPro Connect,"Client Relationship,Communication",Musculoskeletal,"Flexible schedule,Supportive colleagues"
Mumbai,English,Software Tester Assistant,QualityAssure Solutions,"Manual Testing,Defect Tracking",Non-visible,"Accessible parking,Flexible schedule,Supportive colleagues"
Delhi,Hindi,Junior Fitness Instructor,FitLife Fitness,"Nutrition Counseling,Goal Setting",Sensory,"Hearing aids,Supportive colleagues"
Bangalore,English,Language Interpreter Assistant,GlobalConnect Language Services,"Language Translation,Interpretation",Developmental,"Braille displays,Supportive colleagues,Mentoring"
Chennai,Hindi,Junior Interior Designer,SpaceDesign Interiors,"Color Theory,Furniture Selection",Musculoskeletal,"Flexible schedule,Supportive colleagues"
Hyderabad,English,Junior Software Engineer,ByteCraft Solutions,"Java,Python,C++",Sensory,"Vision aids,Supportive colleagues"
Kolkata,Hindi,Data Entry Trainee,DataSwift Services,"Data Entry,Typing Skills",Sensory,"Hearing aids,Supportive colleagues"
Pune,English,Marketing Trainee,MarketBoost Solutions,"Social Media Management,Content Creation",Developmental,"Braille displays,Supportive colleagues,Mentoring"
Delhi,Hindi,IT Support Trainee,TechSupport Now,"Troubleshooting,Software Installation",Sensory,"Vision aids,Supportive colleagues"
Chennai,English,Graphic Design Trainee,DesignCraft Creations,"Adobe Creative Suite,Typography",Musculoskeletal,"Flexible schedule,Supportive colleagues"
Bangalore,Hindi,Store Trainee,QuickCash Retail,"Point of Sale (POS) System,Basic Math Skills",Non-visible,"Accessible parking,Flexible schedule,Supportive colleagues"
Mumbai,English,Delivery Assistant Trainee,SwiftDeliveries Logistics,"Route Planning,Time Management",Sensory,"Hearing aids,Supportive colleagues"
Ahmedabad,Hindi,Content Writer Trainee,ContentMinds Media,"Blogging,SEO",Developmental,"Braille displays,Supportive colleagues,Mentoring"
Jaipur,English,Junior Network Administrator,SecureNet Solutions,"Networking,Troubleshooting",Sensory,"Vision aids,Supportive colleagues"
Lucknow,Hindi,Sales Associate Trainee,SalesPro Connect,"Client Relationship,Communication",Musculoskeletal,"Flexible schedule,Supportive colleagues"
Hyderabad,English,Junior Data Analyst,DataInsights Solutions,"Data Analysis,Excel,SQL",Sensory,"Hearing aids,Real-time captioning,Supportive colleagues"
Kolkata,Hindi,Office Assistant,OfficeSupport Services,"Administrative Tasks,Communication Skills",Musculoskeletal,"Accessible parking,Flexible schedule,Supportive colleagues"
Bangalore,English,Social Media Manager,SocialBuzz Connect,"Social Media Strategy,Content Creation,Marketing",Developmental,"Braille displays,Supportive colleagues,Mentoring"
Delhi,Hindi,Desktop Support Technician,DesktopPros Services,"Hardware Maintenance,Software Installation,Troubleshooting",Sensory,"Vision aids,Screen readers,Supportive colleagues"
Mumbai,English,Junior UX/UI Designer,DesignXperience Creations,"User Experience Design,User Interface Design,Prototyping",Non-visible,"Accessible parking,Flexible schedule,Supportive colleagues"
Chennai,Hindi,Telemarketing Executive,ConnectPros Marketing,"Sales,Communication Skills,Customer Service",Musculoskeletal,"Flexible schedule,Supportive colleagues"
Pune,English,Junior Accountant,NumberGenius Finance,"Bookkeeping,Financial Reporting,Excel",Sensory,"Hearing aids,Real-time captioning,Supportive colleagues"
Ahmedabad,Hindi,Content Moderator,OnlineSafe Media,"Content Moderation,Attention to Detail",Developmental,"Braille displays,Supportive colleagues,Mentoring"
Jaipur,English,Network Support Specialist,NetSupport Solutions,"Network Troubleshooting,Security,Hardware Installation",Musculoskeletal,"Accessible parking,Flexible schedule,Supportive colleagues"
Lucknow,Hindi,Junior Copywriter,WordCraft Media,"Copywriting,Content Creation,Editing",Non-visible,"Accessible parking,Flexible schedule,Supportive colleagues"
Mumbai,English,Quality Assurance Tester,TestMasters Solutions,"Software Testing,Defect Tracking,Automated Testing",Sensory,"Vision aids,Real-time captioning,Supportive colleagues"
Delhi,Hindi,Receptionist,FrontDesk Services,"Front Office Management,Communication Skills",Musculoskeletal,"Flexible schedule,Supportive colleagues"
Bangalore,English,Junior Web Designer,WebCraft Creations,"HTML,CSS,Web Design",Developmental,"Braille displays,Supportive colleagues,Mentoring"
Chennai,Hindi,Data Entry Operator,DataSwift Services,"Data Entry,Typing Skills",Sensory,"Hearing aids,Supportive colleagues"
Pune,English,Market Research Assistant,MarketInsights Solutions,"Market Research,Data Analysis",Non-visible,"Accessible parking,Flexible schedule,Supportive colleagues"
Delhi,Hindi,Technical Support Representative,TechSupport Connect,"Customer Service,Troubleshooting,Communication Skills",Musculoskeletal,"Flexible schedule,Supportive colleagues"
Hyderabad,English,Junior Graphic Illustrator,DesignCraft Creations,"Adobe Creative Suite,Typography,Visual Design",Sensory,"Vision aids,Supportive colleagues"
Kolkata,Hindi,Sales Coordinator,SalesPro Connect,"Sales,Client Relationship,Communication",Developmental,"Braille displays,Supportive colleagues,Mentoring"
Pune,English,HR Assistant,HRSupport Services,"Employee Relations,Recruitment,HR Policies",Musculoskeletal,"Accessible parking,Flexible schedule,Supportive colleagues"
Mumbai,Hindi,Finance Assistant,FinanceWise Advisors,"Financial Analysis,Bookkeeping,Excel",Sensory,"Hearing aids,Real-time captioning,Supportive colleagues"
Jaipur,English,IT Technician,ITPros Solutions,"Computer Hardware,Software Installation,Troubleshooting",Non-visible,"Accessible parking,Flexible schedule,Supportive colleagues"
Lucknow,Hindi,Content Writer,ContentMinds Media,"Creative Writing,Blogging,SEO",Developmental,"Braille displays,Supportive colleagues,Mentoring"
Delhi,English,Software Developer,CodeCraft Solutions,"Java,Python,C++,SQL",Sensory,"Vision aids,Screen readers,Supportive colleagues"
Bangalore,Hindi,Data Scientist,DataInsights Analytics,"Machine Learning,Python,R,Data Analysis",Musculoskeletal,"Accessible parking,Flexible schedule,Supportive colleagues"
Chennai,English,Graphic Designer,DesignHub Creations,"Adobe Creative Suite,Typography,Visual Design",Sensory,"Hearing aids,Mentoring,Supportive colleagues"
Pune,Hindi,Sales Executive,SalesConnect Solutions,"Business Development,Client Relationship,Communication",Non-visible,"Accessible parking,Flexible schedule,Supportive colleagues"
Hyderabad,English,HR Generalist,HRGenius Services,"Employee Relations,Recruitment,HR Policies",Sensory,"Vision aids,Flexible schedule,Supportive colleagues"
Kolkata,Hindi,Finance Analyst,FinanceExcel Advisors,"Financial Modeling,Excel,Accounting",Developmental,"Braille displays,Supportive colleagues,Mentoring"
Ahmedabad,English,Network Administrator,NetworkPros India,"Networking,Security,Troubleshooting",Musculoskeletal,"Accessible parking,Flexible schedule,Supportive colleagues"
Jaipur,Hindi,Content Writer,ContentCrafters Media,"Creative Writing,Blogging,SEO",Sensory,"Hearing aids,Mentoring,Supportive colleagues"
Lucknow,English,Junior Web Developer,WebWizards Solutions,"HTML,CSS,JavaScript,React",Non-visible,"Accessible parking,Flexible schedule,Supportive colleagues"
Mumbai,Hindi,Data Entry Operator,DataEntryNow Services,"Data Entry,Typing Skills,Attention to Detail",Musculoskeletal,"Flexible schedule,Supportive colleagues"
Delhi,English,Marketing Manager,MarketBoost Solutions,"Marketing Strategy,Social Media Management,Data Analysis",Developmental,"Braille displays,Supportive colleagues,Mentoring"
Bangalore,Hindi,IT Support Specialist,SwiftTech Support,"Troubleshooting,Hardware Maintenance,Software Installation",Sensory,"Vision aids,Screen readers,Supportive colleagues"
Chennai,English,Graphic Illustrator,DesignCraft Creations,"Adobe Creative Suite,Typography,Logo Design",Sensory,"Hearing aids,Mentoring,Supportive colleagues"
Pune,Hindi,Cashier,QuickCash Retail,"Point of Sale (POS) System,Basic Math Skills,Attention to Detail",Musculoskeletal,"Accessible parking,Flexible schedule,Supportive colleagues"
Ahmedabad,English,Delivery Driver,SwiftDeliveries Logistics,"Driving License,Route Planning,Time Management",Non-visible,"Accessible parking,Flexible schedule,Supportive colleagues"
Jaipur,Hindi,Content Writer,ContentMinds Media,"Creative Writing,Blogging,SEO",Developmental,"Braille displays,Supportive colleagues,Mentoring"
Lucknow,English,Network Administrator,SecureNet Solutions,"Networking,Security,Troubleshooting",Sensory,"Vision aids,Screen readers,Supportive colleagues"
Mumbai,Hindi,Sales Executive,SalesPro Connect,"Business Development,Client Relationship,Communication",Musculoskeletal,"Accessible parking,Flexible schedule,Supportive colleagues"
Delhi,English,Software Tester,QualityAssure Solutions,"Manual Testing,Automated Testing,Defect Tracking",Non-visible,"Accessible parking,Flexible schedule,Supportive colleagues"
Bangalore,Hindi,Personal Trainer,FitLife Fitness,"Fitness Training,Nutrition Counseling,Goal Setting",Sensory,"Hearing aids,Real-time captioning,Supportive colleagues"
Chennai,English,Translator,GlobalConnect Language Services,"Language Translation,Interpretation",Developmental,"Braille displays,Supportive colleagues,Mentoring"
Hyderabad,Hindi,Interior Designer,SpaceDesign Interiors,"Space Planning,Color Theory,Furniture Selection",Musculoskeletal,"Accessible parking,Flexible schedule,Supportive colleagues"
Pune,English,Software Developer,ByteCraft Solutions,"Java,Python,C++,SQL",Sensory,"Vision aids,Screen readers,Supportive colleagues"
Kolkata,Hindi,Data Scientist,DataInsights Analytics,"Machine Learning,Python,R,Data Analysis",Developmental,"Sign language interpreters,Braille displays,Mentoring"
Mumbai,English,Graphic Designer,DesignHub Creations,"Adobe Creative Suite,Typography,Visual Design",Non-visible,"Accessible parking,Flexible schedule,Supportive colleagues"
Delhi,Hindi,HR Generalist,HRConnect Solutions,"Employee Relations,Recruitment,HR Policies",Musculoskeletal,"Accessible parking,Flexible schedule,Supportive colleagues"
Bangalore,English,Finance Analyst,FinanceExcel Advisors,"Financial Modeling,Excel,Accounting",Sensory,"Hearing aids,Real-time captioning,Supportive colleagues"
Chennai,Hindi,Network Administrator,NetConnect Solutions,"Networking,Security,Troubleshooting",Developmental,"Sign language interpreters,Braille displays,Mentoring"
Mumbai,English,Content Writer,WordCraft Media,"Creative Writing,Blogging,SEO",Sensory,"Vision aids,Mentoring,Supportive colleagues"
Jaipur,Hindi,Sales Executive,SalesHub Connect,"Business Development,Client Relationship,Communication",Non-visible,"Accessible parking,Flexible schedule,Supportive colleagues"
Lucknow,English,Web Developer,WebWizards Solutions,"HTML,CSS,JavaScript,React",Musculoskeletal,"Accessible parking,Flexible schedule,Supportive colleagues"
Hyderabad,Hindi,Data Entry Operator,DataSwift Services,"Data Entry,Typing Skills,Attention to Detail",Sensory,"Hearing aids,Real-time captioning,Supportive colleagues"
Mumbai,English,Marketing Manager,MarketBoost Solutions,"Marketing Strategy,Social Media Management,Data Analysis",Developmental,"Braille displays,Supportive colleagues,Mentoring"
Delhi,Hindi,IT Support Specialist,TechSupport Now,"Troubleshooting,Hardware Maintenance,Software Installation",Sensory,"Vision aids,Screen readers,Supportive colleagues"
Chennai,English,Graphic Illustrator,DesignCraft Creations,"Adobe Creative Suite,Typography,Logo Design",Musculoskeletal,"Accessible parking,Flexible schedule,Supportive colleagues"
Bangalore,Hindi,Cashier,QuickCash Retail,"Point of Sale (POS) System,Basic Math Skills,Attention to Detail",Non-visible,"Accessible parking,Flexible schedule,Supportive colleagues"
Pune,English,Delivery Driver,SwiftDeliveries Logistics,"Driving License,Route Planning,Time Management",Sensory,"Hearing aids,Real-time captioning,Supportive colleagues"
Ahmedabad,Hindi,Content Writer,ContentMinds Media,"Creative Writing,Blogging,SEO",Developmental,"Braille displays,Supportive colleagues,Mentoring"
Jaipur,English,Network Administrator,SecureNet Solutions,"Networking,Security,Troubleshooting",Sensory,"Vision aids,Screen readers,Supportive colleagues"
Lucknow,Hindi,Sales Executive,SalesPro Connect,"Business Development,Client Relationship,Communication",Musculoskeletal,"Accessible parking,Flexible schedule,Supportive colleagues"
Mumbai,English,Software Tester,QualityAssure Solutions,"Manual Testing,Automated Testing,Defect Tracking",Non-visible,"Accessible parking,Flexible schedule,Supportive colleagues"
Delhi,Hindi,Personal Trainer,FitLife Fitness,"Fitness Training,Nutrition Counseling,Goal Setting",Sensory,"Hearing aids,Real-time captioning,Supportive colleagues"
Bangalore,English,Translator,GlobalConnect Language Services,"Language Translation,Interpretation",Developmental,"Braille displays,Supportive colleagues,Mentoring"
Chennai,Hindi,Interior Designer,SpaceDesign Interiors,"Space Planning,Color Theory,Furniture Selection",Musculoskeletal,"Accessible parking,Flexible schedule,Supportive colleagues"
Hyderabad,English,Software Developer,ByteCraft Solutions,"Java,Python,C++,SQL",Sensory,"Vision aids,Screen readers,Supportive colleagues"
Kolkata,Hindi,Data Scientist,DataInsights Analytics,"Machine Learning,Python,R,Data Analysis",Developmental,"Sign language interpreters,Braille displays,Mentoring"
Pune,English,Graphic Designer,DesignHub Creations,"Adobe Creative Suite,Typography,Visual Design",Non-visible,"Accessible parking,Flexible schedule,Supportive colleagues"
Delhi,Hindi,HR Generalist,HRConnect Solutions,"Employee Relations,Recruitment,HR Policies",Musculoskeletal,"Accessible parking,Flexible schedule,Supportive colleagues"
Mumbai,English,Finance Analyst,FinanceExcel Advisors,"Financial Modeling,Excel,Accounting",Sensory,"Hearing aids,Real-time captioning,Supportive colleagues"
Nagpur,Marathi,Junior Web Developer,WebWizards Solutions,"HTML,CSS,JavaScript",Musculoskeletal,"Flexible schedule,Supportive colleagues"
Coimbatore,Tamil,Data Entry Operator,DataSwift Services,"Data Entry,Typing Skills",Sensory,"Hearing aids,Supportive colleagues"
Indore,Hindi,Marketing Coordinator,LocalBoost Solutions,"Social Media Management,Content Creation",Developmental,"Braille displays,Supportive colleagues,Mentoring"
Ranchi,Hindi,IT Support Specialist,TechHelp Services,"Troubleshooting,Software Installation",Sensory,"Vision aids,Supportive colleagues"
Durgapur,Bengali,Graphic Designer,ArtCraft Creations,"Adobe Creative Suite,Typography",Sensory,"Vision aids,Supportive colleagues"
Warangal,Telugu,Sales Executive,SalesHub Connect,"Client Relationship,Communication",Musculoskeletal,"Flexible schedule,Supportive colleagues"
Kochi,Malayalam,HR Generalist,HRLink Services,"Employee Relations,Recruitment,HR Policies",Non-visible,"Accessible parking,Flexible schedule,Supportive colleagues"
Aurangabad,Marathi,Finance Analyst,FinExcel Advisors,"Financial Modeling,Excel,Accounting",Sensory,"Hearing aids,Supportive colleagues"
Tirunelveli,Tamil,Network Administrator,NetConnect Solutions,"Networking,Troubleshooting",Developmental,"Sign language interpreters,Braille displays,Mentoring"
Gulbarga,Kannada,Content Writer,WordCraft Media,"Creative Writing,Blogging,SEO",Musculoskeletal,"Flexible schedule,Supportive colleagues"
Bhopal,Hindi,Software Tester,QualityTest Solutions,"Manual Testing,Defect Tracking",Non-visible,"Accessible parking,Flexible schedule,Supportive colleagues"
Dhanbad,Hindi,Personal Trainer,FitLife Fitness,"Fitness Training,Nutrition Counseling,Goal Setting",Sensory,"Hearing aids,Supportive colleagues"
Bilaspur,Hindi,Language Interpreter,LocalLingo Services,"Language Translation,Interpretation",Developmental,"Braille displays,Supportive colleagues,Mentoring"
Salem,Tamil,Interior Designer,SpaceCraft Interiors,"Space Planning,Color Theory,Furniture Selection",Musculoskeletal,"Flexible schedule,Supportive colleagues"
Tiruppur,Tamil,Software Developer,ByteCraft Solutions,"Java,Python,C++",Sensory,"Vision aids,Supportive colleagues"
Bhagalpur,Hindi,Data Scientist,DataInsights Analytics,"Machine Learning,Python,R,Data Analysis",Sensory,"Hearing aids,Supportive colleagues"
Mangalore,Kannada,Graphic Designer,DesignCraft Creations,"Adobe Creative Suite,Typography",Non-visible,"Accessible parking,Flexible schedule,Supportive colleagues"
Kollam,Malayalam,Sales Executive,SalesPro Connect,"Business Development,Client Relationship,Communication",Musculoskeletal,"Flexible schedule,Supportive colleagues"
Davangere,Kannada,HR Generalist,HRLink Services,"Employee Relations,Recruitment,HR Policies",Sensory,"Vision aids,Supportive colleagues"
Kozhikode,Malayalam,Finance Analyst,FinExcel Advisors,"Financial Modeling,Excel,Accounting",Developmental,"Sign language interpreters,Braille displays,Mentoring"
Nanded,Marathi,Network Administrator,NetConnect Solutions,"Networking,Troubleshooting",Sensory,"Hearing aids,Supportive colleagues"
Tirupati,Telugu,Content Writer,WordCraft Media,"Creative Writing,Blogging,SEO",Musculoskeletal,"Flexible schedule,Supportive colleagues"
Ratlam,Hindi,Software Tester,QualityTest Solutions,"Manual Testing,Defect Tracking",Non-visible,"Accessible parking,Flexible schedule,Supportive colleagues"
Guntur,Telugu,Personal Trainer,FitLife Fitness,"Fitness Training,Nutrition Counseling,Goal Setting",Sensory,"Hearing aids,Supportive colleagues"
Kurnool,Telugu,Language Interpreter,LocalLingo Services,"Language Translation,Interpretation",Developmental,"Braille displays,Supportive colleagues,Mentoring"
Dindigul,Tamil,Interior Designer,SpaceCraft Interiors,"Space Planning,Color Theory,Furniture Selection",Musculoskeletal,"Flexible schedule,Supportive colleagues"
Parbhani,Marathi,Software Developer,ByteCraft Solutions,"Java,Python,C++",Sensory,"Vision aids,Supportive colleagues"
Proddatur,Telugu,Data Scientist,DataInsights Analytics,"Machine Learning,Python,R,Data Analysis",Sensory,"Hearing aids,Supportive colleagues"
Jhansi,Hindi,Graphic Designer,DesignCraft Creations,"Adobe Creative Suite,Typography",Non-visible,"Accessible parking,Flexible schedule,Supportive colleagues"
Madurai,Tamil,Sales Executive,SalesPro Connect,"Business Development,Client Relationship,Communication",Musculoskeletal,"Flexible schedule,Supportive colleagues"
Morbi,Gujarati,HR Generalist,HRLink Services,"Employee Relations,Recruitment,HR Policies",Sensory,"Vision aids,Supportive colleagues"
Haldia,Bengali,Finance Analyst,FinExcel Advisors,"Financial Modeling,Excel,Accounting",Developmental,"Sign language interpreters,Braille displays,Mentoring"
Bhuj,Gujarati,Network Administrator,NetConnect Solutions,"Networking,Troubleshooting",Sensory,"Hearing aids,Supportive colleagues"
Alappuzha,Malayalam,Content Writer,WordCraft Media,"Creative Writing,Blogging,SEO",Musculoskeletal,"Flexible schedule,Supportive colleagues"
Gandhinagar,Gujarati,Software Tester,QualityTest Solutions,"Manual Testing,Defect Tracking",Non-visible,"Accessible parking,Flexible schedule,Supportive colleagues"
Bhavnagar,Gujarati,Personal Trainer,FitLife Fitness,"Fitness Training,Nutrition Counseling,Goal Setting",Sensory,"Hearing aids,Supportive colleagues"
Navsari,Gujarati,Language Interpreter,LocalLingo Services,"Language Translation,Interpretation",Developmental,"Braille displays,Supportive colleagues,Mentoring"
Nadiad,Gujarati,Interior Designer,SpaceCraft Interiors,"Space Planning,Color Theory,Furniture Selection",Musculoskeletal,"Flexible schedule,Supportive colleagues"
Junagadh,Gujarati,Software Developer,ByteCraft Solutions,"Java,Python,C++",Sensory,"Vision aids,Supportive colleagues"
Surendranagar,Gujarati,Data Scientist,DataInsights Analytics,"Machine Learning,Python,R,Data Analysis",Sensory,"Hearing aids,Supportive colleagues"
Anand,Gujarati,Graphic Designer,DesignCraft Creations,"Adobe Creative Suite,Typography",Non-visible,"Accessible parking,Flexible schedule,Supportive colleagues"
Palanpur,Gujarati,Sales Executive,SalesPro Connect,"Business Development,Client Relationship,Communication",Musculoskeletal,"Flexible schedule,Supportive colleagues"
Mehsana,Gujarati,HR Generalist,HRLink Services,"Employee Relations,Recruitment,HR Policies",Sensory,"Vision aids,Supportive colleagues"
Bharuch,Gujarati,Finance Analyst,FinExcel Advisors,"Financial Modeling,Excel,Accounting",Developmental,"Sign language interpreters,Braille displays,Mentoring"
Palghar,Marathi,Network Administrator,NetConnect Solutions,"Networking,Troubleshooting",Sensory,"Hearing aids,Supportive colleagues"
Solapur,Marathi,Content Writer,WordCraft Media,"Creative Writing,Blogging,SEO",Musculoskeletal,"Flexible schedule,Supportive colleagues"
Amravati,Marathi,Software Tester,QualityTest Solutions,"Manual Testing,Defect Tracking",Non-visible,"Accessible parking,Flexible schedule,Supportive colleagues"
Ichalkaranji,Marathi,Personal Trainer,FitLife Fitness,"Fitness Training,Nutrition Counseling,Goal Setting",Sensory,"Hearing aids,Supportive colleagues"
Parbhani,Marathi,Language Interpreter,LocalLingo Services,"Language Translation,Interpretation",Developmental,"Braille displays,Supportive colleagues,Mentoring"
Latur,Marathi,Interior Designer,SpaceCraft Interiors,"Space Planning,Color Theory,Furniture Selection",Musculoskeletal,"Flexible schedule,Supportive colleagues"
Nanded,Marathi,Software Developer,ByteCraft Solutions,"Java,Python,C++",Sensory,"Vision aids,Supportive colleagues"
Yavatmal,Marathi,Data Scientist,DataInsights Analytics,"Machine Learning,Python,R,Data Analysis",Sensory,"Hearing aids,Supportive colleagues"
Akola,Marathi,Graphic Designer,DesignCraft Creations,"Adobe Creative Suite,Typography",Non-visible,"Accessible parking,Flexible schedule,Supportive colleagues"
Nashik,Marathi,Sales Executive,SalesPro Connect,"Business Development,Client Relationship,Communication",Musculoskeletal,"Flexible schedule,Supportive colleagues"
Kota,Hindi,Junior Web Developer,WebWizards Solutions,"HTML,CSS,JavaScript",Musculoskeletal,"Flexible schedule,Supportive colleagues"
Vijayawada,Telugu,Data Entry Operator,DataSwift Services,"Data Entry,Typing Skills",Sensory,"Hearing aids,Supportive colleagues"
Rajkot,Gujarati,Marketing Coordinator,LocalBoost Solutions,"Social Media Management,Content Creation",Developmental,"Braille displays,Supportive colleagues,Mentoring"
Durg,Bengali,IT Support Specialist,TechHelp Services,"Troubleshooting,Software Installation",Sensory,"Vision aids,Supportive colleagues"
Bellary,Kannada,Graphic Designer,ArtCraft Creations,"Adobe Creative Suite,Typography",Sensory,"Vision aids,Supportive colleagues"
Tumkur,Kannada,Sales Executive,SalesHub Connect,"Client Relationship,Communication",Musculoskeletal,"Flexible schedule,Supportive colleagues"
Gaya,Hindi,HR Generalist,HRLink Services,"Employee Relations,Recruitment,HR Policies",Non-visible,"Accessible parking,Flexible schedule,Supportive colleagues"
Gulbarga,Kannada,Finance Analyst,FinExcel Advisors,"Financial Modeling,Excel,Accounting",Sensory,"Hearing aids,Supportive colleagues"
Tirunelveli,Tamil,Network Administrator,NetConnect Solutions,"Networking,Troubleshooting",Developmental,"Sign language interpreters,Braille displays,Mentoring"
Kurnool,Telugu,Content Writer,WordCraft Media,"Creative Writing,Blogging,SEO",Musculoskeletal,"Flexible schedule,Supportive colleagues"
Bilaspur,Hindi,Software Tester,QualityTest Solutions,"Manual Testing,Defect Tracking",Non-visible,"Accessible parking,Flexible schedule,Supportive colleagues"
Dhanbad,Hindi,Personal Trainer,FitLife Fitness,"Fitness Training,Nutrition Counseling,Goal Setting",Sensory,"Hearing aids,Supportive colleagues"
Bongaigaon,Assamese,Language Interpreter,LocalLingo Services,"Language Translation,Interpretation",Developmental,"Braille displays,Supportive colleagues,Mentoring"
Salem,Tamil,Interior Designer,SpaceCraft Interiors,"Space Planning,Color Theory,Furniture Selection",Musculoskeletal,"Flexible schedule,Supportive colleagues"
Tiruppur,Tamil,Software Developer,ByteCraft Solutions,"Java,Python,C++",Sensory,"Vision aids,Supportive colleagues"
Bhagalpur,Hindi,Data Scientist,DataInsights Analytics,"Machine Learning,Python,R,Data Analysis",Sensory,"Hearing aids,Supportive colleagues"
Nagercoil,Tamil,Graphic Designer,DesignCraft Creations,"Adobe Creative Suite,Typography",Non-visible,"Accessible parking,Flexible schedule,Supportive colleagues"
Bikaner,Hindi,Sales Executive,SalesPro Connect,"Business Development,Client Relationship,Communication",Musculoskeletal,"Flexible schedule,Supportive colleagues"
Haldia,Bengali,HR Generalist,HRLink Services,"Employee Relations,Recruitment,HR Policies",Sensory,"Vision aids,Supportive colleagues"
Jhansi,Hindi,Finance Analyst,FinExcel Advisors,"Financial Modeling,Excel,Accounting",Developmental,"Sign language interpreters,Braille displays,Mentoring"
Jalna,Marathi,Network Administrator,NetConnect Solutions,"Networking,Troubleshooting",Sensory,"Hearing aids,Supportive colleagues"
Karimnagar,Telugu,Content Writer,WordCraft Media,"Creative Writing,Blogging,SEO",Musculoskeletal,"Flexible schedule,Supportive colleagues"
Ratlam,Hindi,Software Tester,QualityTest Solutions,"Manual Testing,Defect Tracking",Non-visible,"Accessible parking,Flexible schedule,Supportive colleagues"
Guntur,Telugu,Personal Trainer,FitLife Fitness,"Fitness Training,Nutrition Counseling,Goal Setting",Sensory,"Hearing aids,Supportive colleagues"
Kurnool,Telugu,Language Interpreter,LocalLingo Services,"Language Translation,Interpretation",Developmental,"Braille displays,Supportive colleagues,Mentoring"
Dindigul,Tamil,Interior Designer,SpaceCraft Interiors,"Space Planning,Color Theory,Furniture Selection",Musculoskeletal,"Flexible schedule,Supportive colleagues"
Parbhani,Marathi,Software Developer,ByteCraft Solutions,"Java,Python,C++",Sensory,"Vision aids,Supportive colleagues"
Proddatur,Telugu,Data Scientist,DataInsights Analytics,"Machine Learning,Python,R,Data Analysis",Sensory,"Hearing aids,Supportive colleagues"
Jhansi,Hindi,Graphic Designer,DesignCraft Creations,"Adobe Creative Suite,Typography",Non-visible,"Accessible parking,Flexible schedule,Supportive colleagues"
Madurai,Tamil,Sales Executive,SalesPro Connect,"Business Development,Client Relationship,Communication",Musculoskeletal,"Flexible schedule,Supportive colleagues"
Morbi,Gujarati,HR Generalist,HRLink Services,"Employee Relations,Recruitment,HR Policies",Sensory,"Vision aids,Supportive colleagues"
Haldia,Bengali,Finance Analyst,FinExcel Advisors,"Financial Modeling,Excel,Accounting",Developmental,"Sign language interpreters,Braille displays,Mentoring"
Bhuj,Gujarati,Network Administrator,NetConnect Solutions,"Networking,Troubleshooting",Sensory,"Hearing aids,Supportive colleagues"
Alappuzha,Malayalam,Content Writer,WordCraft Media,"Creative Writing,Blogging,SEO",Musculoskeletal,"Flexible schedule,Supportive colleagues"
Gandhinagar,Gujarati,Software Tester,QualityTest Solutions,"Manual Testing,Defect Tracking",Non-visible,"Accessible parking,Flexible schedule,Supportive colleagues"
Bhavnagar,Gujarati,Personal Trainer,FitLife Fitness,"Fitness Training,Nutrition Counseling,Goal Setting",Sensory,"Hearing aids,Supportive colleagues"
Navsari,Gujarati,Language Interpreter,LocalLingo Services,"Language Translation,Interpretation",Developmental,"Braille displays,Supportive colleagues,Mentoring"
Nadiad,Gujarati,Interior Designer,SpaceCraft Interiors,"Space Planning,Color Theory,Furniture Selection",Musculoskeletal,"Flexible schedule,Supportive colleagues"
Junagadh,Gujarati,Software Developer,ByteCraft Solutions,"Java,Python,C++",Sensory,"Vision aids,Supportive colleagues"
Surendranagar,Gujarati,Data Scientist,DataInsights Analytics,"Machine Learning,Python,R,Data Analysis",Sensory,"Hearing aids,Supportive colleagues"
Anand,Gujarati,Graphic Designer,DesignCraft Creations,"Adobe Creative Suite,Typography",Non-visible,"Accessible parking,Flexible schedule,Supportive colleagues"
Palanpur,Gujarati,Sales Executive,SalesPro Connect,"Business Development,Client Relationship,Communication",Musculoskeletal,"Flexible schedule,Supportive colleagues"
Mehsana,Gujarati,HR Generalist,HRLink Services,"Employee Relations,Recruitment,HR Policies",Sensory,"Vision aids,Supportive colleagues"
Bharuch,Gujarati,Finance Analyst,FinExcel Advisors,"Financial Modeling,Excel,Accounting",Developmental,"Sign language interpreters,Braille displays,Mentoring"
Palghar,Marathi,Network Administrator,NetConnect Solutions,"Networking,Troubleshooting",Sensory,"Hearing aids,Supportive colleagues"
Solapur,Marathi,Content Writer,WordCraft Media,"Creative Writing,Blogging,SEO",Musculoskeletal,"Flexible schedule,Supportive colleagues"
Amravati,Marathi,Software Tester,QualityTest Solutions,"Manual Testing,Defect Tracking",Non-visible,"Accessible parking,Flexible schedule,Supportive colleagues"
Ichalkaranji,Marathi,Personal Trainer,FitLife Fitness,"Fitness Training,Nutrition Counseling,Goal Setting",Sensory,"Hearing aids,Supportive colleagues"
Parbhani,Marathi,Language Interpreter,LocalLingo Services,"Language Translation,Interpretation",Developmental,"Braille displays,Supportive colleagues,Mentoring"
Latur,Marathi,Interior Designer,SpaceCraft Interiors,"Space Planning,Color Theory,Furniture Selection",Musculoskeletal,"Flexible schedule,Supportive colleagues"
Nanded,Marathi,Software Developer,ByteCraft Solutions,"Java,Python,C++",Sensory,"Vision aids,Supportive colleagues"
Yavatmal,Marathi,Data Scientist,DataInsights Analytics,"Machine Learning,Python,R,Data Analysis",Sensory,"Hearing aids,Supportive colleagues"
Akola,Marathi,Graphic Designer,DesignCraft Creations,"Adobe Creative Suite,Typography",Non-visible,"Accessible parking,Flexible schedule,Supportive colleagues"
Nashik,Marathi,Sales Executive,SalesPro Connect,"Business Development,Client Relationship,Communication",Musculoskeletal,"Flexible schedule,Supportive colleagues"
Mumbai,English,Gardener,GreenThumb Landscapes,"Horticulture,Plant Care,Landscaping",Musculoskeletal,"Flexible schedule,Supportive colleagues"
Delhi,Hindi,Customer Service Representative,ServiceSolutions,"Communication,Problem Solving",Sensory,"Hearing aids,Supportive colleagues"
Bangalore,English,Chef Assistant,CulinaryCraft,"Culinary Skills,Food Safety",Developmental,"Sign language interpreters,Braille displays,Mentoring"
Chennai,Tamil,Cleaner,SparkleClean Services,"Cleaning,Attention to Detail",Non-visible,"Accessible parking,Flexible schedule,Supportive colleagues"
Hyderabad,English,Security Guard,SecureGuard Services,"Security Procedures,Vigilance",Sensory,"Vision aids,Supportive colleagues"
Kolkata,Bengali,Waiter/Waitress,DineDelight Restaurant,"Customer Service,Order Taking",Musculoskeletal,"Flexible schedule,Supportive colleagues"
Pune,Marathi,Barista,CoffeeCraft Cafe,"Beverage Preparation,Customer Service",Sensory,"Hearing aids,Supportive colleagues"
Ahmedabad,Gujarati,Delivery Driver,SwiftDeliveries Logistics,"Driving,Time Management",Developmental,"Braille displays,Supportive colleagues,Mentoring"
Jaipur,Hindi,Gardener,FloralParadise Gardens,"Horticulture,Plant Care,Landscaping",Musculoskeletal,"Flexible schedule,Supportive colleagues"
Lucknow,Hindi,Customer Service Representative,ServiceSolutions,"Communication,Problem Solving",Sensory,"Vision aids,Supportive colleagues"
Mumbai,English,Chef Assistant,CulinaryCraft,"Culinary Skills,Food Safety",Developmental,"Sign language interpreters,Braille displays,Mentoring"
Delhi,Hindi,Cleaner,SparkleClean Services,"Cleaning,Attention to Detail",Non-visible,"Accessible parking,Flexible schedule,Supportive colleagues"
Bangalore,English,Security Guard,SecureGuard Services,"Security Procedures,Vigilance",Sensory,"Hearing aids,Supportive colleagues"
Chennai,Tamil,Waiter/Waitress,DineDelight Restaurant,"Customer Service,Order Taking",Musculoskeletal,"Flexible schedule,Supportive colleagues"
Hyderabad,English,Barista,CoffeeCraft Cafe,"Beverage Preparation,Customer Service",Sensory,"Vision aids,Supportive colleagues"
Kolkata,Bengali,Delivery Driver,SwiftDeliveries Logistics,"Driving,Time Management",Developmental,"Braille displays,Supportive colleagues,Mentoring"
Pune,Marathi,Gardener,FloralParadise Gardens,"Horticulture,Plant Care,Landscaping",Musculoskeletal,"Flexible schedule,Supportive colleagues"
Ahmedabad,Gujarati,Customer Service Representative,ServiceSolutions,"Communication,Problem Solving",Sensory,"Hearing aids,Supportive colleagues"
Jaipur,Hindi,Chef Assistant,CulinaryCraft,"Culinary Skills,Food Safety",Developmental,"Sign language interpreters,Braille displays,Mentoring"
Lucknow,Hindi,Cleaner,SparkleClean Services,"Cleaning,Attention to Detail",Non-visible,"Accessible parking,Flexible schedule,Supportive colleagues"
Mumbai,English,Security Guard,SecureGuard Services,"Security Procedures,Vigilance",Sensory,"Vision aids,Supportive colleagues"
Delhi,Hindi,Waiter/Waitress,DineDelight Restaurant,"Customer Service,Order Taking",Musculoskeletal,"Flexible schedule,Supportive colleagues"
Bangalore,English,Barista,CoffeeCraft Cafe,"Beverage Preparation,Customer Service",Sensory,"Hearing aids,Supportive colleagues"
Chennai,Tamil,Delivery Driver,SwiftDeliveries Logistics,"Driving,Time Management",Developmental,"Braille displays,Supportive colleagues,Mentoring"
Hyderabad,English,Gardener,FloralParadise Gardens,"Horticulture,Plant Care,Landscaping",Musculoskeletal,"Flexible schedule,Supportive colleagues"
Kolkata,Bengali,Customer Service Representative,ServiceSolutions,"Communication,Problem Solving",Sensory,"Vision aids,Supportive colleagues"
Pune,Marathi,Chef Assistant,CulinaryCraft,"Culinary Skills,Food Safety",Developmental,"Sign language interpreters,Braille displays,Mentoring"
Ahmedabad,Gujarati,Cleaner,SparkleClean Services,"Cleaning,Attention to Detail",Non-visible,"Accessible parking,Flexible schedule,Supportive colleagues"
Jaipur,Hindi,Security Guard,SecureGuard Services,"Security Procedures,Vigilance",Sensory,"Hearing aids,Supportive colleagues"
Lucknow,Hindi,Waiter/Waitress,DineDelight Restaurant,"Customer Service,Order Taking",Musculoskeletal,"Flexible schedule,Supportive colleagues"
Mumbai,English,Barista,CoffeeCraft Cafe,"Beverage Preparation,Customer Service",Sensory,"Vision aids,Supportive colleagues"
Delhi,Hindi,Delivery Driver,SwiftDeliveries Logistics,"Driving,Time Management",Developmental,"Braille displays,Supportive colleagues,Mentoring"
Bangalore,English,Gardener,FloralParadise Gardens,"Horticulture,Plant Care,Landscaping",Musculoskeletal,"Flexible schedule,Supportive colleagues"
Chennai,Tamil,Customer Service Representative,ServiceSolutions,"Communication,Problem Solving",Sensory,"Hearing aids,Supportive colleagues"
Hyderabad,English,Chef Assistant,CulinaryCraft,"Culinary Skills,Food Safety",Developmental,"Sign language interpreters,Braille displays,Mentoring"
Kolkata,Bengali,Cleaner,SparkleClean Services,"Cleaning,Attention to Detail",Non-visible,"Accessible parking,Flexible schedule,Supportive colleagues"
Pune,Marathi,Security Guard,SecureGuard Services,"Security Procedures,Vigilance",Sensory,"Vision aids,Supportive colleagues"
Ahmedabad,Gujarati,Waiter/Waitress,DineDelight Restaurant,"Customer Service,Order Taking",Musculoskeletal,"Flexible schedule,Supportive colleagues"
Jaipur,Hindi,Barista,CoffeeCraft Cafe,"Beverage Preparation,Customer Service",Sensory,"Hearing aids,Supportive colleagues"
Lucknow,Hindi,Delivery Driver,SwiftDeliveries Logistics,"Driving,Time Management",Developmental,"Braille displays,Supportive colleagues,Mentoring"
Mumbai,English,Gardener,FloralParadise Gardens,"Horticulture,Plant Care,Landscaping",Musculoskeletal,"Flexible schedule,Supportive colleagues"
Delhi,Hindi,Customer Service Representative,ServiceSolutions,"Communication,Problem Solving",Sensory,"Vision aids,Supportive colleagues"
Bangalore,English,Chef Assistant,CulinaryCraft,"Culinary Skills,Food Safety",Developmental,"Sign language interpreters,Braille displays,Mentoring"
Chennai,Tamil,Cleaner,SparkleClean Services,"Cleaning,Attention to Detail",Non-visible,"Accessible parking,Flexible schedule,Supportive colleagues"
Hyderabad,English,Security Guard,SecureGuard Services,"Security Procedures,Vigilance",Sensory,"Hearing aids,Supportive colleagues"
Kolkata,Bengali,Waiter/Waitress,DineDelight Restaurant,"Customer Service,Order Taking",Musculoskeletal,"Flexible schedule,Supportive colleagues"
Pune,Marathi,Barista,CoffeeCraft Cafe,"Beverage Preparation,Customer Service",Sensory,"Vision aids,Supportive colleagues"
Ahmedabad,Gujarati,Delivery Driver,SwiftDeliveries Logistics,"Driving,Time Management",Developmental,"Braille displays,Supportive colleagues,Mentoring"
Jaipur,Hindi,Gardener,FloralParadise Gardens,"Horticulture,Plant Care,Landscaping",Musculoskeletal,"Flexible schedule,Supportive colleagues"
Lucknow,Hindi,Customer Service Representative,ServiceSolutions,"Communication,Problem Solving",Sensory,"Hearing aids,Supportive colleagues"
Mumbai,English,Chef Assistant,CulinaryCraft,"Culinary Skills,Food Safety",Developmental,"Sign language interpreters,Braille displays,Mentoring"
Delhi,Hindi,Cleaner,SparkleClean Services,"Cleaning,Attention to Detail",Non-visible,"Accessible parking,Flexible schedule,Supportive colleagues"
Bangalore,English,Security Guard,SecureGuard Services,"Security Procedures,Vigilance",Sensory,"Vision aids,Supportive colleagues"
Chennai,Tamil,Waiter/Waitress,DineDelight Restaurant,"Customer Service,Order Taking",Musculoskeletal,"Flexible schedule,Supportive colleagues"
Hyderabad,English,Barista,CoffeeCraft Cafe,"Beverage Preparation,Customer Service",Sensory,"Hearing aids,Supportive colleagues"
Kolkata,Bengali,Delivery Driver,SwiftDeliveries Logistics,"Driving,Time Management",Developmental,"Braille displays,Supportive colleagues,Mentoring"
Pune,Marathi,Gardener,FloralParadise Gardens,"Horticulture,Plant Care,Landscaping",Musculoskeletal,"Flexible schedule,Supportive colleagues"
Ahmedabad,Gujarati,Customer Service Representative,ServiceSolutions,"Communication,Problem Solving",Sensory,"Vision aids,Supportive colleagues"
Jaipur,Hindi,Chef Assistant,CulinaryCraft,"Culinary Skills,Food Safety",Developmental,"Sign language interpreters,Braille displays,Mentoring"
Lucknow,Hindi,Cleaner,SparkleClean Services,"Cleaning,Attention to Detail",Non-visible,"Accessible parking,Flexible schedule,Supportive colleagues"
Mumbai,English,Security Guard,SecureGuard Services,"Security Procedures,Vigilance",Sensory,"Hearing aids,Supportive colleagues"
Delhi,Hindi,Waiter/Waitress,DineDelight Restaurant,"Customer Service,Order Taking",Musculoskeletal,"Flexible schedule,Supportive colleagues"
Bangalore,English,Barista,CoffeeCraft Cafe,"Beverage Preparation,Customer Service",Sensory,"Vision aids,Supportive colleagues"
Chennai,Tamil,Delivery Driver,SwiftDeliveries Logistics,"Driving,Time Management",Developmental,"Braille displays,Supportive colleagues,Mentoring"
Hyderabad,English,Gardener,FloralParadise Gardens,"Horticulture,Plant Care,Landscaping",Musculoskeletal,"Flexible schedule,Supportive colleagues"
Kolkata,Bengali,Customer Service Representative,ServiceSolutions,"Communication,Problem Solving",Sensory,"Hearing aids,Supportive colleagues"
Pune,Marathi,Chef Assistant,CulinaryCraft,"Culinary Skills,Food Safety",Developmental,"Sign language interpreters,Braille displays,Mentoring"
Mumbai,English,Software Engineer,CodeCraft Solutions,"Java,Python,C++",Developmental,"Flexible schedule,Health insurance,Remote work options"
Delhi,Hindi,Marketing Coordinator,MarketPro Connect,"Marketing,Communication",Sensory,"Vision aids,Supportive colleagues,Training programs"
Bangalore,English,Data Analyst,DataInsights Analytics,"Data Analysis,SQL",Musculoskeletal,"Flexible schedule,Professional development opportunities,Health and wellness programs"
Chennai,Tamil,HR Specialist,HRHub Services,"HR Administration,Employee Relations",Sensory,"Hearing aids,Supportive colleagues,Employee assistance programs"
Hyderabad,English,Financial Analyst,FinanceCraft Solutions,"Financial Analysis,Excel",Developmental,"Braille displays,Supportive colleagues,Flexible work hours"
Kolkata,Bengali,UX/UI Designer,PixelCraft Studios,"User Experience,User Interface Design",Musculoskeletal,"Flexible schedule,Professional development opportunities,Health and wellness programs"
Pune,Marathi,Network Engineer,NetConnect Solutions,"Networking,Troubleshooting",Sensory,"Vision aids,Supportive colleagues,Training programs"
Ahmedabad,Gujarati,Content Writer,WordCraft Media,"Creative Writing,Blogging,SEO",Non-visible,"Accessible facilities,Supportive colleagues,Flexible work hours"
Jaipur,Hindi,Software Tester,QualityTest Solutions,"Manual Testing,Defect Tracking",Sensory,"Hearing aids,Supportive colleagues,Professional development opportunities"
Lucknow,Hindi,Social Media Manager,SocialSphere Strategies,"Social Media Marketing,Content Creation",Musculoskeletal,"Flexible schedule,Health and wellness programs,Remote work options"
Indore,Hindi,Customer Support Specialist,ServiceSolutions,"Customer Service,Problem Solving",Developmental,"Sign language interpreters,Braille displays,Mentoring"
Bhopal,Hindi,Web Developer,WebCraft Technologies,"Web Development,Programming",Sensory,"Vision aids,Supportive colleagues,Flexible work hours"
Ludhiana,Punjabi,Project Manager,ProjectPro Solutions,"Project Management,Team Leadership",Musculoskeletal,"Flexible schedule,Health and wellness programs,Remote work options"
Kanpur,Hindi,Graphic Designer,DesignCraft Creations,"Adobe Creative Suite,Typography",Developmental,"Braille displays,Supportive colleagues,Professional development opportunities"
Nagpur,Marathi,Sales Executive,SalesPro Connect,"Business Development,Client Relationship,Communication",Sensory,"Hearing aids,Supportive colleagues,Training programs"
Ghaziabad,Hindi,Database Administrator,DBTech Solutions,"Database Management,SQL",Musculoskeletal,"Flexible schedule,Health and wellness programs,Remote work options"
Agra,Hindi,Event Coordinator,CelebrationCraft Events,"Event Planning,Communication",Sensory,"Vision aids,Supportive colleagues,Flexible work hours"
Faridabad,Hindi,IT Support Specialist,TechSupport Solutions,"Technical Support,Troubleshooting",Non-visible,"Accessible facilities,Supportive colleagues,Professional development opportunities"
Varanasi,Hindi,Architect,Blueprint Designs,"Architectural Design,AutoCAD",Musculoskeletal,"Flexible schedule,Health and wellness programs,Remote work options"
Amritsar,Punjabi,Human Resources Coordinator,HRHub Services,"HR Administration,Recruitment",Sensory,"Hearing aids,Supportive colleagues,Training programs"
Allahabad,Hindi,Content Strategist,ContentCraft Solutions,"Content Planning,SEO",Developmental,"Sign language interpreters,Braille displays,Mentoring"
Vadodara,Gujarati,Network Administrator,NetConnect Solutions,"Networking,Troubleshooting",Sensory,"Vision aids,Supportive colleagues,Professional development opportunities"
Gorakhpur,Hindi,Mobile App Developer,AppCraft Technologies,"Mobile App Development,Programming",Musculoskeletal,"Flexible schedule,Health and wellness programs,Remote work options"
Bikaner,Rajasthani,Medical Transcriptionist,MediTranscribe Services,"Medical Terminology,Transcription Skills",Sensory,"Hearing aids,Supportive colleagues,Training programs"
Salem,Tamil,Marketing Analyst,MarketInsight Analytics,"Market Research,Data Analysis",Developmental,"Braille displays,Supportive colleagues,Mentoring"
Aligarh,Hindi,Quality Control Inspector,QualityCraft Manufacturing,"Quality Assurance,Inspection",Musculoskeletal,"Flexible schedule,Health and wellness programs,Remote work options"
Warangal,Telugu,Personal Chef,CulinaryDelights,"Culinary Skills,Menu Planning",Sensory,"Vision aids,Supportive colleagues,Flexible work hours"
Bhubaneswar,Odia,IT Project Manager,TechPro Solutions,"Project Management,Team Leadership",Non-visible,"Accessible facilities,Supportive colleagues,Professional development opportunities"
Cuttack,Odia,Medical Receptionist,HealthLink Clinics,"Appointment Scheduling,Customer Service",Sensory,"Hearing aids,Supportive colleagues,Training programs"
Ajmer,Rajasthani,Photographer,PixelPerfect Photography,"Photography,Photo Editing",Musculoskeletal,"Flexible schedule,Health and wellness programs,Remote work options"
Ujjain,Hindi,Data Scientist,DataInsights Analytics,"Machine Learning,Python,R,Data Analysis",Sensory,"Vision aids,Supportive colleagues,Flexible work hours"
Jamnagar,Gujarati,Human Resources Specialist,HRHub Services,"HR Administration,Employee Relations",Developmental,"Braille displays,Supportive colleagues,Professional development opportunities"
Bokaro,Hindi,Plumber,FlowFix Plumbing,"Plumbing Repairs,Installation",Sensory,"Hearing aids,Supportive colleagues,Training programs"
Nellore,Telugu,Software Developer,ByteCraft Solutions,"Java,Python,C++",Musculoskeletal,"Flexible schedule,Health and wellness programs,Remote work options"
Jammu,Dogri,Marketing Coordinator,MarketPro Connect,"Marketing,Communication",Sensory,"Vision aids,Supportive colleagues,Flexible work hours"
Belgaum,Kannada,Graphic Designer,DesignCraft Creations,"Adobe Creative Suite,Typography",Developmental,"Braille displays,Supportive colleagues,Professional development opportunities"
Mangalore,Kannada,Financial Analyst,FinanceCraft Solutions,"Financial Analysis,Excel",Musculoskeletal,"Flexible schedule,Health and wellness programs,Remote work options"
Tirunelveli,Tamil,UX/UI Designer,PixelCraft Studios,"User Experience,User Interface Design",Sensory,"Hearing aids,Supportive colleagues,Training programs"
Malegaon,Marathi,Network Engineer,NetConnect Solutions,"Networking,Troubleshooting",Non-visible,"Accessible facilities,Supportive colleagues,Professional development opportunities"
Gaya,Hindi,Content Writer,WordCraft Media,"Creative Writing,Blogging,SEO",Sensory,"Vision aids,Supportive colleagues,Flexible work hours"
Jalgaon,Marathi,Software Tester,QualityTest Solutions,"Manual Testing,Defect Tracking",Developmental,"Braille displays,Supportive colleagues,Training programs"
Udaipur,Rajasthani,Social Media Manager,SocialSphere Strategies,"Social Media Marketing,Content Creation",Musculoskeletal,"Flexible schedule,Health and wellness programs,Remote work options"
Maheshtala,Bengali,Customer Support Specialist,ServiceSolutions,"Customer Service,Problem Solving",Sensory,"Hearing aids,Supportive colleagues,Professional development opportunities"
Davanagere,Kannada,Web Developer,WebCraft Technologies,"Web Development,Programming",Non-visible,"Accessible facilities,Supportive colleagues,Flexible work hours"
Kozhikode,Malayalam,Project Manager,ProjectPro Solutions,"Project Management,Team Leadership",Musculoskeletal,"Flexible schedule,Health and wellness programs,Remote work options"
Akola,Marathi,Database Administrator,DBTech Solutions,"Database Management,SQL",Sensory,"Vision aids,Supportive colleagues,Training programs"
Kurnool,Telugu,Event Coordinator,CelebrationCraft Events,"Event Planning,Communication",Developmental,"Sign language interpreters,Braille displays,Mentoring"
Rajpur Sonarpur,Bengali,IT Support Specialist,TechSupport Solutions,"Technical Support,Troubleshooting",Sensory,"Hearing aids,Supportive colleagues,Flexible work hours"
Rourkela,Odia,Architect,Blueprint Designs,"Architectural Design,AutoCAD",Non-visible,"Accessible facilities,Supportive colleagues,Professional development opportunities"
Bokaro,Hindi,Human Resources Coordinator,HRHub Services,"HR Administration,Recruitment",Musculoskeletal,"Flexible schedule,Health and wellness programs,Remote work options"
Ratlam,Hindi,Content Strategist,ContentCraft Solutions,"Content Planning,SEO",Sensory,"Vision aids,Supportive colleagues,Training programs"
Durgapur,Bengali,Network Administrator,NetConnect Solutions,"Networking,Troubleshooting",Developmental,"Braille displays,Supportive colleagues,Professional development opportunities"
Rampur,Hindi,Mobile App Developer,AppCraft Technologies,"Mobile App Development,Programming",Musculoskeletal,"Flexible schedule,Health and wellness programs,Remote work options"
Shyamnagar,Bengali,Medical Transcriptionist,MediTranscribe Services,"Medical Terminology,Transcription Skills",Sensory,"Hearing aids,Supportive colleagues,Training programs"
Eluru,Telugu,Marketing Analyst,MarketInsight Analytics,"Market Research,Data Analysis",Developmental,"Braille displays,Supportive colleagues,Mentoring"
Navi Mumbai,Marathi,Quality Control Inspector,QualityCraft Manufacturing,"Quality Assurance,Inspection",Musculoskeletal,"Flexible schedule,Health and wellness programs,Remote work options"
Parbhani,Marathi,Personal Chef,CulinaryDelights,"Culinary Skills,Menu Planning",Sensory,"Vision aids,Supportive colleagues,Flexible work hours"
Rohtak,Hindi,IT Project Manager,TechPro Solutions,"Project Management,Team Leadership",Non-visible,"Accessible facilities,Supportive colleagues,Professional development opportunities"
Dindigul,Tamil,Medical Receptionist,HealthLink Clinics,"Appointment Scheduling,Customer Service",Sensory,"Hearing aids,Supportive colleagues,Training programs"
Kamarhati,Bengali,Photographer,PixelPerfect Photography,"Photography,Photo Editing",Developmental,"Sign language interpreters,Braille displays,Mentoring"
Bilaspur,Hindi,Data Scientist,DataInsights Analytics,"Machine Learning,Python,R,Data Analysis",Sensory,"Vision aids,Supportive colleagues,Flexible work hours"
Shahjahanpur,Hindi,Human Resources Specialist,HRHub Services,"HR Administration,Employee Relations",Musculoskeletal,"Flexible schedule,Health and wellness programs,Remote work options"
Satara,Marathi,Plumber,FlowFix Plumbing,"Plumbing Repairs,Installation",Sensory,"Hearing aids,Supportive colleagues,Training programs"
Hardoi,Hindi,Software Developer,ByteCraft Solutions,"Java,Python,C++",Musculoskeletal,"Flexible schedule,Health and wellness programs,Remote work options"
Sonipat,Hindi,Marketing Coordinator,MarketPro Connect,"Marketing,Communication",Sensory,"Vision aids,Supportive colleagues,Flexible work hours"
Porbandar,Gujarati,Graphic Designer,DesignCraft Creations,"Adobe Creative Suite,Typography",Developmental,"Braille displays,Supportive colleagues,Professional development opportunities"
Palakkad,Malayalam,Financial Analyst,FinanceCraft Solutions,"Financial Analysis,Excel",Musculoskeletal,"Flexible schedule,Health and wellness programs,Remote work options"
Anantapur,Telugu,UX/UI Designer,PixelCraft Studios,"User Experience,User Interface Design",Sensory,"Hearing aids,Supportive colleagues,Training programs"
Karimnagar,Telugu,Network Engineer,NetConnect Solutions,"Networking,Troubleshooting",Non-visible,"Accessible facilities,Supportive colleagues,Professional development opportunities"
Sagar,Hindi,Content Writer,WordCraft Media,"Creative Writing,Blogging,SEO",Sensory,"Vision aids,Supportive colleagues,Flexible work hours"
Mumbai,English,Financial Analyst,FinanceCraft Solutions,"Financial Analysis,Excel",Sensory,"Health insurance,Retirement benefits"
Delhi,Hindi,Graphic Designer,DesignCraft Creations,"Adobe Creative Suite,Typography",Non-visible,"Flexible work hours,Professional development opportunities"
Bangalore,English,Software Developer,CodeCraft Solutions,"Java,Python,C++",Sensory,"Remote work options,Training programs"
Chennai,English,Marketing Manager,MarketPro Connect,"Marketing Strategy,Team Leadership",Developmental,"Flexible work hours,Health and wellness programs"
Hyderabad,English,HR Specialist,HRHub Services,"Employee Relations,Recruitment",Sensory,"Work from home options,Professional development opportunities"
Kolkata,English,Customer Support Manager,ServiceSolutions,"Customer Service Management,Problem Solving",Musculoskeletal,"Flexible work hours,Health insurance"
Pune,English,Project Manager,TechPro Solutions,"Project Management,Team Leadership",Sensory,"Remote work options,Professional development opportunities"
Ahmedabad,Hindi,Architect,Blueprint Designs,"Architectural Design,AutoCAD",Non-visible,"Flexible work hours,Health and wellness programs"
Jaipur,Hindi,Public Relations Specialist,MediaCraft Communications,"PR Strategy,Communication",Musculoskeletal,"Work from home options,Training programs"
Lucknow,Hindi,Legal Counsel,LegalEase Law Firm,"Legal Research,Contract Negotiation",Developmental,"Flexible work hours,Health insurance"
Nagpur,English,IT Consultant,TechInsight Consulting,"IT Strategy,Technical Consulting",Sensory,"Remote work options,Professional development opportunities"
Varanasi,Hindi,Event Coordinator,CelebrationCraft Events,"Event Planning,Communication",Musculoskeletal,"Flexible work hours,Health and wellness programs"
Indore,Hindi,Market Research Analyst,Insightful Research Solutions,"Market Research,Data Analysis",Sensory,"Work from home options,Training programs"
Agra,Hindi,Social Media Manager,SocialSphere Strategies,"Social Media Marketing,Content Creation",Developmental,"Flexible work hours,Health insurance"
Dehradun,English,Customer Success Specialist,ServiceSuccess Solutions,"Customer Support,Problem Solving",Sensory,"Remote work options,Professional development opportunities"
Bhopal,Hindi,Graphic Artist,ArtistryHub Designs,"Digital Illustration,Adobe Creative Suite",Non-visible,"Flexible work hours,Health and wellness programs"
Patna,Hindi,Civil Engineer,ConstructPro Engineering,"Civil Engineering,Project Management",Musculoskeletal,"Work from home options,Training programs"
Ranchi,Hindi,Public Health Analyst,HealthInsight Solutions,"Public Health Research,Data Analysis",Sensory,"Flexible work hours,Health insurance"
Coimbatore,English,IT Support Specialist,TechHelp Services,"Technical Support,Troubleshooting",Developmental,"Remote work options,Professional development opportunities"
Guwahati,English,Content Strategist,ContentCraft Solutions,"Content Planning,SEO",Sensory,"Flexible work hours,Health and wellness programs"
Kanpur,Hindi,Finance Manager,FinancePro Solutions,"Financial Management,Team Leadership",Non-visible,"Work from home options,Training programs"
Gwalior,Hindi,Network Administrator,NetConnect Solutions,"Networking,Troubleshooting",Musculoskeletal,"Flexible work hours,Health insurance"
Madurai,English,UX/UI Designer,PixelCraft Studios,"User Experience,User Interface Design",Sensory,"Remote work options,Professional development opportunities"
Ludhiana,Hindi,Sales Executive,SalesPro Connect,"Business Development,Client Relationship,Communication",Developmental,"Flexible work hours,Health and wellness programs"
Jamshedpur,Hindi,Database Administrator,DBTech Solutions,"Database Management,SQL",Sensory,"Work from home options,Training programs"
Vadodara,English,Supply Chain Analyst,LogisticsLink Services,"Supply Chain Management,Data Analysis",Non-visible,"Flexible work hours,Health and wellness programs"
Faridabad,Hindi,Human Resources Coordinator,HRHub Services,"HR Administration,Recruitment",Musculoskeletal,"Remote work options,Professional development opportunities"
Meerut,Hindi,Web Developer,WebCraft Technologies,"Web Development,HTML,CSS,JavaScript",Sensory,"Flexible work hours,Health insurance"
Noida,Hindi,Marketing Coordinator,MarketPro Connect,"Marketing,Communication",Developmental,"Work from home options,Training programs"
Jodhpur,Hindi,Quality Control Analyst,QualityCraft Manufacturing,"Quality Assurance,Inspection",Sensory,"Flexible work hours,Health and wellness programs"
Raipur,Hindi,IT Project Manager,TechPro Solutions,"Project Management,Team Leadership",Non-visible,"Remote work options,Professional development opportunities"
Kota,Hindi,Content Writer,WordCraft Media,"Creative Writing,Blogging,SEO",Musculoskeletal,"Flexible work hours,Health insurance"
Kochi,English,Software Tester,QualityTest Solutions,"Manual Testing,Defect Tracking",Sensory,"Work from home options,Training programs"
Bhubaneswar,English,Personal Trainer,FitnessFiesta Gym,"Fitness Training,Nutrition Counseling",Developmental,"Flexible work hours,Health and wellness programs"
Thiruvananthapuram,English,Language Interpreter,LocalLingo Services,"Language Translation,Interpretation",Sensory,"Remote work options,Professional development opportunities"
Thrissur,English,Interior Designer,SpaceCraft Interiors,"Space Planning,Color Theory,Furniture Selection",Non-visible,"Flexible work hours,Health and wellness programs"
Malappuram,English,Software Developer,ByteCraft Solutions,"Java,Python,C++",Sensory,"Work from home options,Training programs"
Kannur,English,Data Scientist,DataInsights Analytics,"Machine Learning,Python,R,Data Analysis",Developmental,"Flexible work hours,Health insurance"
Kollam,English,Graphic Designer,DesignCraft Creations,"Adobe Creative Suite,Typography",Sensory,"Remote work options,Professional development opportunities"
Purulia,Hindi,Financial Advisor,FinanceCraft Solutions,"Financial Planning,Investment Strategies",Non-visible,"Flexible work hours,Health and wellness programs"
Bankura,Hindi,HR Specialist,HRHub Services,"Employee Relations,Recruitment",Musculoskeletal,"Work from home options,Training programs"
Bardhaman,Hindi,Marketing Manager,MarketPro Connect,"Marketing Strategy,Team Leadership",Sensory,"Flexible work hours,Health insurance"
Haldia,Hindi,Legal Counsel,LegalEase Law Firm,"Legal Research,Contract Negotiation",Developmental,"Remote work options,Professional development opportunities"
Kharagpur,Hindi,IT Consultant,TechInsight Consulting,"IT Strategy,Technical Consulting",Sensory,"Flexible work hours,Health and wellness programs"
Raniganj,Hindi,Event Coordinator,CelebrationCraft Events,"Event Planning,Communication",Non-visible,"Work from home options,Training programs"
Alipurduar,Hindi,Market Research Analyst,Insightful Research Solutions,"Market Research,Data Analysis",Musculoskeletal,"Flexible work hours,Health insurance"
Bally,Hindi,Social Media Manager,SocialSphere Strategies,"Social Media Marketing,Content Creation",Sensory,"Remote work options,Professional development opportunities"
Baharampur,Hindi,Project Manager,TechPro Solutions,"Project Management,Team Leadership",Developmental,"Flexible work hours,Health and wellness programs"
Kamarhati,Hindi,Civil Engineer,ConstructPro Engineering,"Civil Engineering,Project Management",Sensory,"Work from home options,Training programs"
Panihati,Hindi,Public Health Analyst,HealthInsight Solutions,"Public Health Research,Data Analysis",Non-visible,"Flexible work hours,Health and wellness programs"
Barrackpore,Hindi,Graphic Artist,ArtistryHub Designs,"Digital Illustration,Adobe Creative Suite",Musculoskeletal,"Remote work options,Professional development opportunities"
Durgapur,Hindi,Network Administrator,NetConnect Solutions,"Networking,Troubleshooting",Sensory,"Flexible work hours,Health insurance"
English Bazar,English,UX/UI Designer,PixelCraft Studios,"User Experience,User Interface Design",Developmental,"Work from home options,Training programs"
Haldia,Hindi,Sales Executive,SalesPro Connect,"Business Development,Client Relationship,Communication",Sensory,"Flexible work hours,Health and wellness programs"
Baharampur,Hindi,Database Administrator,DBTech Solutions,"Database Management,SQL",Non-visible,"Remote work options,Professional development opportunities"
Krishnanagar,Hindi,Human Resources Coordinator,HRHub Services,"HR Administration,Recruitment",Musculoskeletal,"Flexible work hours,Health insurance"
Khardaha,Hindi,Web Developer,WebCraft Technologies,"Web Development,HTML,CSS,JavaScript",Sensory,"Remote work options,Professional development opportunities"
Joynagar Majilpur,Hindi,Marketing Coordinator,MarketPro Connect,"Marketing,Communication",Developmental,"Flexible work hours,Health and wellness programs"
English Bazar,English,Quality Control Analyst,QualityCraft Manufacturing,"Quality Assurance,Inspection",Sensory,"Work from home options,Training programs"
Habra,Hindi,IT Project Manager,TechPro Solutions,"Project Management,Team Leadership",Non-visible,"Flexible work hours,Health and wellness programs"
Bhadreswar,Hindi,Content Writer,WordCraft Media,"Creative Writing,Blogging,SEO",Musculoskeletal,"Remote work options,Professional development opportunities"
Champdani,Hindi,Software Tester,QualityTest Solutions,"Manual Testing,Defect Tracking",Sensory,"Flexible work hours,Health insurance"
Barasat,Hindi,Personal Trainer,FitnessFiesta Gym,"Fitness Training,Nutrition Counseling",Developmental,"Work from home options,Training programs"
Uluberia,Hindi,Language Interpreter,LocalLingo Services,"Language Translation,Interpretation",Sensory,"Flexible work hours,Health and wellness programs"
Basirhat,Hindi,Interior Designer,SpaceCraft Interiors,"Space Planning,Color Theory,Furniture Selection",Non-visible,"Remote work options,Professional development opportunities"
Madhyamgram,Hindi,Software Developer,ByteCraft Solutions,"Java,Python,C++",Sensory,"Flexible work hours,Health insurance"
Bangaon,Hindi,Data Scientist,DataInsights Analytics,"Machine Learning,Python,R,Data Analysis",Developmental,"Remote work options,Professional development opportunities"
Shantipur,Hindi,Graphic Designer,DesignCraft Creations,"Adobe Creative Suite,Typography",Sensory,"Flexible work hours,Health and wellness programs"
Barrackpore,Hindi,Financial Advisor,FinanceCraft Solutions,"Financial Planning,Investment Strategies",Non-visible,"Work from home options,Training programs"
Naihati,Hindi,HR Specialist,HRHub Services,"Employee Relations,Recruitment",Musculoskeletal,"Flexible work hours,Health insurance"
Serampore,Hindi,Marketing Manager,MarketPro Connect,"Marketing Strategy,Team Leadership",Sensory,"Remote work options,Professional development opportunities"
Bhatpara,Hindi,Legal Counsel,LegalEase Law Firm,"Legal Research,Contract Negotiation",Developmental,"Flexible work hours,Health and wellness programs"
South Dum Dum,Hindi,IT Consultant,TechInsight Consulting,"IT Strategy,Technical Consulting",Sensory,"Work from home options,Training programs"
North Dumdum,Hindi,Event Coordinator,CelebrationCraft Events,"Event Planning,Communication",Non-visible,"Flexible work hours,Health insurance"
Baranagar,Hindi,Market Research Analyst,Insightful Research Solutions,"Market Research,Data Analysis",Musculoskeletal,"Remote work options,Professional development opportunities"
Dum Dum,English,Social Media Manager,SocialSphere Strategies,"Social Media Marketing,Content Creation",Sensory,"Flexible work hours,Health and wellness programs"
Asansol,Hindi,Project Manager,TechPro Solutions,"Project Management,Team Leadership",Developmental,"Work from home options,Training programs"
Siliguri,Hindi,Civil Engineer,ConstructPro Engineering,"Civil Engineering,Project Management",Sensory,"Flexible work hours,Health insurance"
Maheshtala,Hindi,Public Health Analyst,HealthInsight Solutions,"Public Health Research,Data Analysis",Non-visible,"Remote work options,Professional development opportunities"
South Dumdum,Hindi,Graphic Artist,ArtistryHub Designs,"Digital Illustration,Adobe Creative Suite",Musculoskeletal,"Flexible work hours,Health and wellness programs"
Gopalpur,English,Network Administrator,NetConnect Solutions,"Networking,Troubleshooting",Sensory,"Remote work options,Professional development opportunities"
New Barrackpore,English,UX/UI Designer,PixelCraft Studios,"User Experience,User Interface Design",Developmental,"Flexible work hours,Health insurance"
Bidhannagar,Hindi,Sales Executive,SalesPro Connect,"Business Development,Client Relationship,Communication",Sensory,"Work from home options,Training programs"
North Barrackpur,Hindi,Database Administrator,DBTech Solutions,"Database Management,SQL",Non-visible,"Flexible work hours,Health and wellness programs"
North Dumdum,Hindi,Human Resources Coordinator,HRHub Services,"HR Administration,Recruitment",Musculoskeletal,"Remote work options,Professional development opportunities"
North Dumdum,Hindi,Web Developer,WebCraft Technologies,"Web Development,HTML,CSS,JavaScript",Sensory,"Flexible work hours,Health insurance"
South Dum Dum,Hindi,Marketing Coordinator,MarketPro Connect,"Marketing,Communication",Developmental,"Work from home options,Training programs"
South Dum Dum,Hindi,Quality Control Analyst,QualityCraft Manufacturing,"Quality Assurance,Inspection",Sensory,"Flexible work hours,Health and wellness programs"
South Dum Dum,English,IT Project Manager,TechPro Solutions,"Project Management,Team Leadership",Non-visible,"Remote work options,Professional development opportunities"
Barrackpore,Hindi,Content Writer,WordCraft Media,"Creative Writing,Blogging,SEO",Musculoskeletal,"Flexible work hours,Health insurance"
Baranagar,Hindi,Software Tester,QualityTest Solutions,"Manual Testing,Defect Tracking",Sensory,"Work from home options,Training programs"
Naihati,Hindi,Personal Trainer,FitnessFiesta Gym,"Fitness Training,Nutrition Counseling",Developmental,"Flexible work hours,Health and wellness programs"
Kolkata,Hindi,Language Interpreter,LocalLingo Services,"Language Translation,Interpretation",Sensory,"Remote work options,Professional development opportunities"
Barrackpore,Hindi,Interior Designer,SpaceCraft Interiors,"Space Planning,Color Theory,Furniture Selection",Non-visible,"Flexible work hours,Health and wellness programs"